{
  "grid_size": 15,
  "trials": 50,
  "rbql_episodes": [
    4,
    5,
    5,
    4,
    5,
    5,
    3,
    5,
    5,
    4,
    4,
    4,
    4,
    6,
    6,
    5,
    5,
    6,
    6,
    4,
    4,
    6,
    5,
    4,
    5,
    4,
    4,
    5,
    5,
    5,
    5,
    6,
    5,
    5,
    4,
    5,
    4,
    5,
    5,
    5,
    5,
    5,
    4,
    5,
    5,
    5,
    6,
    5,
    5,
    4
  ],
  "standard_q_episodes": [
    13,
    16,
    15,
    13,
    13,
    8,
    11,
    15,
    5,
    17,
    14,
    12,
    11,
    11,
    16,
    11,
    14,
    8,
    12,
    9,
    10,
    9,
    6,
    13,
    10,
    14,
    10,
    10,
    10,
    12,
    9,
    12,
    8,
    9,
    12,
    12,
    14,
    11,
    13,
    14,
    11,
    12,
    14,
    12,
    14,
    14,
    13,
    10,
    12,
    13
  ],
  "q_alpha1_episodes": [
    7,
    5,
    4,
    7,
    7,
    6,
    3,
    4,
    6,
    1,
    5,
    10,
    6,
    9,
    6,
    6,
    7,
    5,
    5,
    7,
    12,
    8,
    5,
    5,
    9,
    9,
    5,
    7,
    11,
    10,
    5,
    3,
    8,
    4,
    6,
    9,
    11,
    8,
    9,
    9,
    4,
    4,
    8,
    9,
    10,
    3,
    9,
    4,
    3,
    6
  ],
  "rbql_avg": 4.8,
  "rbql_std": 0.6928203230275509,
  "standard_q_avg": 11.74,
  "standard_q_std": 2.488453334905037,
  "q_alpha1_avg": 6.58,
  "q_alpha1_std": 2.4664954895559816
}